recipe_id,ingredient_id,quantity_per_serving,unit
52768,1,175g/6oz,
52768,2,75g/3oz,
52768,3,200g/7oz,
52768,4,75g/3oz,
52768,5,75g/3oz,
52768,6,2,
52768,7,75g/3oz,
52768,8,1 tsp,
52768,9,50g/1¾oz,
52893,10,120g,
52893,5,60g,
52893,2,60g,
52893,11,300g,
52893,2,30g,
52893,12,30g,
52893,13,120g,
52893,14,¼ teaspoon,
52893,15,to serve,
53049,16,200ml,
53049,17,60ml,
53049,18,2,
53049,19,1600g,
53049,20,3 tsp,
53049,21,1/2 tsp,
53049,22,25g,
53049,23,45g,
53049,24,3 tbs,
53050,25,6,
53050,26,16,
53050,27,1 1/2,
53050,28,6,
53050,29,8,
53050,30,2 tbs,
53050,31,1 1/2,
53050,32,1 1/2,
53050,33,1 1/2,
53050,34,2 tbs,
53050,35,1 can,
53050,23,1 tsp,
53050,36,1 cup,
52767,10,175g/6oz,
52767,37,75g/2½oz,
52767,38,2-3 tbsp,
52767,39,1 tbsp,
52767,2,125g/4½oz,
52767,5,125g/4½oz,
52767,7,125g/4½oz,
52767,40,1,
52767,8,½ tsp,
52767,9,50g/1¾oz,
52792,2,25g/1oz,
52792,41,8 thin slices,
52792,42,50g/2oz,
52792,14,2 tsp,
52792,16,350ml/12fl,
52792,43,50ml/2fl oz,
52792,18,2 free-range,
52792,23,25g/1oz,
52792,44,"grated, to taste",
52803,45,400g,
52803,46,1-2tbsp,
52803,47,Dash,
52803,48,750g piece,
52803,49,6-8 slices,
52803,50,500g,
52803,19,Dusting,
52803,51,2 Beaten,
52807,52,1 large,
52807,53,½ cup,
52807,54,1 cup,
52807,55,6 cloves,
52807,56,1,
52807,57,¼ teaspoon,
52807,17,1.5 tablespoon,
52807,58,1 tablespoon chopped,
52807,21,as required,
52812,59,4-5 pound,
52812,21,Dash,
52812,53,3,
52812,55,5 cloves,
52812,60,1 Sprig,
52812,61,1 sprig,
52812,62,4,
52812,63,2 cups,
52812,64,3 Large,
52812,65,1 Tbsp,
52812,66,4 Mashed,
52824,67,8 slices,
52824,68,12 florets,
52824,66,1 Packet,
52824,64,1 Packet,
52824,10,140g,
52824,18,4,
52824,16,200ml,
52824,69,drizzle (for cooking),
52826,67,1kg,
52826,70,3,
52826,55,4 cloves,
52826,47,Dash,
52826,71,300g,
52826,31,2 tsp,
52826,72,2 tsp,
52826,73,1 tsp,
52826,74,1 large,
52826,62,3,
52826,75,2 tsp dried,
52826,76,2 ancho,
52826,77,3 tbsp,
52826,78,2 x 400g,
52826,79,2 tbsp,
52826,80,2 tbsp,
52826,81,2 x 400g tins,
52834,47,1 tbls,
52834,70,1,
52834,55,1 clove,
52834,2,1 tbsp,
52834,45,250g,
52834,48,500g,
52834,10,1tbsp,
52834,82,150g,
52834,46,1 tbsp,
52834,63,100ml,
52834,83,Topping,
52842,84,2 tblsp,
52842,53,1 finely chopped,
52842,85,1,
52842,86,1 sliced,
52842,66,1 medium,
52842,2,1 knob,
52842,87,1 litre hot,
52842,68,1 Head chopped,
52842,88,140g,
52848,89,8 large,
52848,90,1 Jar,
52848,91,1200g,
52848,92,1 tbls,
52848,46,1 tsp,
52855,93,1 large,
52855,18,2 medium,
52855,20,pinch,
52855,94,spinkling,
52855,17,1 tsp,
52855,95,25g,
52855,96,125g,
52873,47,2 tbs,
52873,2,25g,
52873,67,750g,
52873,10,2 tblsp,
52873,55,2 cloves minced,
52873,70,175g,
52873,85,150g,
52873,64,150g,
52873,86,2 chopped,
52873,97,200g,
52873,98,150ml,
52873,63,500g,
52873,99,2,
52873,60,3 tbs,
52873,83,3 tblsp chopped,
52873,10,125g,
52873,20,1 tsp,
52873,100,60g,
52873,36,Splash,
52874,67,1kg,
52874,10,2 tbs,
52874,84,2 tbs,
52874,98,200ml,
52874,63,400ml,
52874,53,1 finely sliced,
52874,64,2 chopped,
52874,60,3 sprigs,
52874,65,2 tbs,
52874,51,2 free-range,
52874,50,400g,
52874,101,300g,
52874,2,25g,
52874,21,pinch,
52874,102,pinch,
52878,67,900g,
52878,47,3 tbs,
52878,103,3,
52878,55,2 cloves minced,
52878,104,125g,
52878,60,1 tbs chopped,
52878,99,2,
52878,105,330ml,
52878,63,400ml,
52878,106,2 tbs,
52878,107,8,
52878,10,400g,
52878,21,pinch,
52878,2,250g,
52878,18,To Glaze,
52891,108,50g,
52891,2,125g,
52891,5,150g,
52891,109,Grated,
52891,10,150g,
52891,20,½ tsp,
52891,13,600g,
52891,23,75g,
52891,5,2 tbs,
52891,110,1 tbs,
52891,43,300ml,
52891,111,100ml,
52891,112,Garnish with,
52894,2,175g,
52894,5,175g,
52894,113,140g,
52894,114,50g,
52894,20,½ tsp,
52894,18,3 Medium,
52894,94,½ tsp,
52894,8,¼ teaspoon,
52894,2,175g,
52894,5,175g,
52894,113,140g,
52894,114,50g,
52894,20,½ tsp,
52894,18,3 Medium,
52894,94,½ tsp,
52894,8,¼ teaspoon,
52894,115,½ tsp,
52894,116,200g,
52894,117,1kg,
52894,118,Dusting,
52904,119,3 tsp,
52904,120,600g,
52904,104,100g,
52904,26,350g,
52904,121,250g,
52904,28,2 sliced,
52904,122,1,
52904,123,1 tbs,
52904,98,750 ml,
52904,124,600g,
52904,47,2 tbs,
52904,60,sprigs of fresh,
52904,61,sprigs of fresh,
52904,99,2,
52904,125,4,
52913,10,375g,
52913,5,50g,
52913,126,7g,
52913,16,75g,
52913,18,3 Large,
52913,18,To Glaze,
52913,2,180g,
52913,127,250g,
52913,128,8 slices,
52914,70,2 finely chopped,
52914,60,sprigs of fresh,
52914,47,2 tbs,
52914,66,1.5kg,
52914,87,425g,
52928,36,1/2 cup,
52928,126,2 parts,
52928,23,1/2 cup,
52928,16,1/2 cup,
52928,2,6 tblsp,
52928,18,2,
52928,21,1 ½ tsp,
52928,19,2-1/2 cups,
52928,17,for frying,
52928,109,garnish,
52928,23,garnish,
52928,14,garnish,
52940,129,1 whole,
52940,130,1 chopped,
52940,70,2 chopped,
52940,28,2 chopped,
52940,131,1 chopped,
52940,64,1 chopped,
52940,132,1,
52940,60,2 tsp,
52940,72,1 tsp,
52940,133,2 tbs,
52940,134,2 tsp,
52940,35,2 cups,
52940,135,1 tbs,
52952,67,1/2 lb,
52952,21,pinch,
52952,102,pinch,
52952,136,2 tsp,
52952,137,1/2,
52952,138,3 tbs,
52952,17,5 tbs,
52952,139,1/4 lb,
52952,53,1/2 cup,
52952,140,1 tsp,
52952,27,1 tsp,
52952,141,1 cup,
52952,45,1 cup,
52952,36,1 cup,
52952,142,1 tbs,
52952,23,1 tsp,
52952,133,1 tsp,
52959,33,2 medium,
52959,83,2 tbs chopped,
52959,109,Juice of 1,
52959,143,175g,
52959,47,1 tbs,
52959,144,350g,
52959,145,to serve,
52961,146,500g,
52961,18,4 large,
52961,19,3 tbs,
52961,23,250g,
52961,14,1 tsp,
52961,147,Grated Zest of 2,
52961,148,5 tbs,
52961,118,sprinking,
52965,66,3 Medium,
52965,47,1 tbs,
52965,104,2 strips,
52965,28,Minced,
52965,149,1 tbs,
52965,83,Garnish,
52965,21,Pinch,
52965,102,Pinch,
52965,72,To taste,
52979,2,100g,
52979,19,150g,
52979,63,700ml,
52979,53,30g,
52979,83,1 tbs,
52979,67,400g,
52979,21,Pinch,
52979,102,Pinch,
52979,44,Pinch,
52979,19,50g,
52979,18,2 Beaten,
52979,150,50g,
52995,66,2,
52995,151,1,
52995,55,2 cloves,
52995,132,1,
52995,41,2,
52995,152,1 lb,
52995,153,,
52995,154,,
52995,79,,
52995,23,,
52995,135,,
52995,21,,
52995,102,,
52997,155,White,
52997,53,1,
52997,132,1,
52997,28,3,
52997,156,1,
52997,64,3 oz,
52997,157,1 lb,
52997,133,2 oz,
53013,158,400g,
53013,47,2 tbs,
53013,159,2,
53013,53,Chopped,
53013,160,1/4,
53013,161,2 sliced,
53013,162,2 large,
53013,163,1 cup,
53013,164,2 tsp,
53013,102,Pinch,
53013,65,2 tsp,
53013,165,1 1/2 tsp,
53013,166,1 1/2 tsp,
53013,167,1/2 tsp,
53018,104,2 sliced,
53018,168,1 lb,
53018,152,1 lb,
53018,19,1/4 cup,
53018,55,3 chopped,
53018,53,1 Diced,
53018,45,1 1/2 cup,
53018,169,4 cups,
53018,170,1 Jar,
53018,98,1/4 cup,
53018,99,1,
53018,171,1 tsp,
53018,172,1 tsp,
53018,167,1 tbs,
53018,173,1/8 teaspoon,
53018,154,1 dash,
53018,63,5 Cups,
53018,123,2 tbs,
53018,174,1 cup,
53018,175,1 dash,
53036,66,4 large,
53036,176,1  bunch,
53036,10,100g,
53036,177,1,
53036,16,150ml,
53036,178,1 tsp,
53036,2,3 tbs,
53036,135,2 tbs,
53036,143,6,
53036,104,12,
53036,137,6,
53053,67,1lb,
53053,135,5 tbs,
53053,74,1,
53053,73,3,
53053,179,3,
53053,125,3,
53053,180,1 cup,
53053,36,1 cup,
53053,34,2 tbs,
53053,132,6,
53053,23,1 tbs,
53053,26,5,
53060,181,1 Packet,
53060,158,150g,
53060,53,150g,
53060,17,40g,
53060,21,Dash,
53060,102,Dash,
53068,55,3 cloves,
53068,53,1 sliced,
53068,67,2 Lbs,
53068,123,8 ounces,
53068,36,1 cup,
53068,47,3 tbs,
53068,109,1 Slice,
53068,66,1 large,
53068,133,1/4 cup,
53068,182,1/2 tsp,
53068,62,2,
53068,21,To taste,
53069,67,1 lb,
53069,133,5 tablespoons,
53069,109,1,
53069,55,3 cloves,
53069,53,3 parts,
53069,47,4 tbs,
53069,36,1 cup,
53069,21,1 pinch,
53070,67,2kg cut cubes,
53070,63,1,
53070,133,1 tbs,
53070,36,2 cups,
53070,183,1 sliced,
53070,131,1 sliced,
53070,66,1 sliced,
53070,64,1 sliced,
53070,123,8 ounces,
53070,24,3  tablespoons,
53070,184,5,
53070,53,1 chopped,
53070,55,5 cloves,
53070,47,3 tbs,
53071,67,1.5kg,
53071,185,1,
53071,123,8 ounces,
53071,36,3 cups,
53071,133,6 tablespoons,
53071,164,1 tbs,
53071,102,2 tbs,
53071,99,4,
53071,109,1/2,
53071,90,2 tbs,
53071,2,3 tbs,
53071,47,1/2 cup,
53071,53,1 chopped,
53071,55,4 cloves,
53076,41,2,
53076,137,2,
53076,21,0.5,
53078,186,3,
53078,47,4 tbs,
53078,187,1,
53078,36,6 cups,
53078,66,3,
53078,188,1 can,
53078,189,Garnish,
53080,190,1/2 cup,
53080,19,2/3 Cup,
53080,21,1/2 tsp,
53080,126,1 tsp,
53080,16,1 cup,
53080,2,2 tbs,
53080,137,1 Seperated,
52765,191,14 oz jar,
52765,192,3 Cups,
52765,193,6,
52765,194,2,
52776,195,250g,
52776,2,175g,
52776,16,2 tablespoons,
52776,18,5,
52776,196,175g,
52776,19,125g,
52779,19,250g,
52779,2,125g,
52779,137,1,
52779,21,Pinch,
52779,161,300g,
52779,16,100ml milk,
52779,18,3,
52779,197,100g,
52779,78,350g,
52779,198,3tbsp,
52779,199,1 tbsp,
52779,171,Topping,
52788,4,250g,
52788,200,225g,
52788,201,150g,
52788,202,Zest of 1,
52788,203,500g,
52788,204,250g,
52795,129,1.2 kg,
52795,53,5 thinly sliced,
52795,54,2 finely chopped,
52795,55,8 cloves chopped,
52795,205,1 tbsp,
52795,135,¼ cup,
52795,206,2 tsp,
52795,207,3 tsp,
52795,208,1 tsp,
52795,184,1 tsp,
52795,56,2,
52795,111,1 cup,
52795,209,¾ cup,
52795,210,3 tsp Dried,
52795,211,1 tsp,
52795,21,To taste,
52796,2,2 tablespoons,
52796,47,3 tablespoons,
52796,129,5 boneless,
52796,21,1 teaspoon,
52796,212,1 cut into 1/2-inch cubes,
52796,68,1 Head chopped,
52796,45,8-ounce sliced,
52796,102,1 red,
52796,53,1 chopped,
52796,55,3 cloves,
52796,213,1/2 teaspoon,
52796,214,1/2 cup,
52796,16,1/2 cup,
52796,215,1/2 cup,
52796,197,1 cup grated,
52796,216,16 ounces,
52796,21,pinch,
52796,102,pinch,
52796,83,chopped,
52818,217,500g,
52818,218,2 cups,
52818,215,1/2 cup,
52818,219,1 packet,
52818,21,1 tsp,
52818,220,3 diced,
52818,47,2 tbsp,
52818,53,1 small finely diced,
52818,131,2 finely diced,
52818,55,2 cloves minced,
52818,221,1 cup,
52818,83,garnish chopped,
52819,222,2 tbsp,
52819,29,1 tsp,
52819,223,4 fillets,
52819,135,1 tsp,
52819,224,8,
52819,225,1 sliced,
52819,226,2 shredded,
52819,176,4 shredded,
52819,227,1 x 300ml,
52819,228,1 pot,
52819,109,1,
52819,55,1 clove finely chopped,
52830,194,4 - 6,
52830,229,1 bottle,
52830,31,1½ tablespoon,
52830,230,1 tablespoon,
52830,55,1 teaspoon,
52830,231,1 can,
52830,232,12,
52830,233,2 cups,
52830,234,Halved,
52830,235,Sliced and Seeded,
52830,225,Peeled and Sliced,
52830,236,2 tablespoons,
52830,228,3 tablespoons,
52830,16,1 tablespoon,
52831,129,450 grams Boneless skin,
52831,27,1 tablespoon,
52831,55,1 clove,
52831,133,2 tablespoons,
52831,237,1 tablespoon,
52831,196,2 teaspoon,
52831,238,1/3 cup,
52831,135,1/3 cup,
52831,109,1/3 cup,
52832,47,1½ tbsp,
52832,104,3 rashers (100g) chopped dry-cured,
52832,103,12 small,
52832,239,2 (460g),
52832,25,4 (650g),
52832,194,2 (280g),
52832,55,3 finely chopped,
52832,240,3 tbsp,
52832,98,600ml,
52832,218,150ml,
52832,123,2 tsp,
52832,60,3 sprigs,
52832,61,2 sprigs,
52832,62,2,
52832,83,garnish,
52832,121,250g,
52832,10,2 tbsp,
52832,2,1 tsp,
52839,241,280g,
52839,242,200g,
52839,47,2 tblsp,
52839,28,2 cloves chopped,
52839,243,1 large,
52839,244,24 Skinned,
52839,143,12,
52839,245,Handful,
52839,246,Leaves,
52839,41,to serve,
52839,247,2 tbsp,
52839,132,Grated Zest of 2,
52839,5,2 tsp,
52840,248,1½ kg,
52840,2,50g,
52840,104,150g,
52840,53,1 finely chopped,
52840,60,sprigs of fresh,
52840,99,1,
52840,10,1 tbls,
52840,16,150ml,
52840,43,150ml,
52840,66,2 medium,
52840,83,Chopped,
52841,47,3 tbsp,
52841,70,2 chopped,
52841,85,2 sticks,
52841,64,300g,
52841,66,500g,
52841,99,4,
52841,123,5 tblsp,
52841,23,2 tblsp,
52841,198,2 tblsp,
52841,249,1½ kg,
52841,250,500g,
52841,251,3,
52841,252,400ml,
52846,2,50g,
52846,53,1 chopped,
52846,45,100g,
52846,10,40g,
52846,187,1,
52846,44,pinch,
52846,253,pinch,
52846,129,250g,
52846,254,2 Handfuls,
52846,66,2 large,
52846,2,1 knob,
52850,47,1 tbsp,
52850,53,1 chopped,
52850,220,200g,
52850,27,pinch,
52850,255,2 tblsp,
52850,256,10,
52850,257,220g,
52850,258,200g,
52850,218,200ml,
52850,32,Handful,
52853,93,1,
52853,259,3 tbsp,
52853,225,1,
52853,199,2 tblsp,
52853,110,1 tsp,
52853,260,1 tsp,
52853,36,2 tbsp,
52853,261,pinch,
52856,10,300g,
52856,2,75g,
52856,262,100g,
52856,118,1 tbls,
52856,2,150g,
52856,149,200ml,
52856,263,250g,
52856,264,100g,
52856,18,4,
52856,94,1 tsp,
52856,95,400g,
52856,265,200g,
52860,266,200g,
52860,267,100g,
52860,4,250g,
52860,263,400g,
52860,18,4 large,
52860,10,140g,
52860,268,50g,
52860,96,200g,
52870,257,400g,
52870,47,1 tblsp,
52870,167,pinch,
52870,54,2 small cut chunks,
52870,151,1 finely sliced,
52870,269,2 tsp,
52870,225,1,
52870,132,Juice of 1,
52870,132,Chopped,
52870,228,100g,
52870,255,2 tsp,
52870,193,4,
52870,32,to serve,
52875,218,450ml,
52875,220,3,
52875,2,75g,
52875,86,2 sliced,
52875,55,2 cloves minced,
52875,10,50g,
52875,16,200ml,
52875,214,3 tbs,
52875,43,150ml,
52875,270,150g,
52875,261,spinkling,
52875,102,pinch,
52875,10,350g,
52875,2,200g,
52875,40,1,
52875,38,1 tbls,
52875,40,1,
52879,66,1.5kg,
52879,2,30g,
52879,43,5 tblsp,
52879,51,2,
52879,2,30g,
52879,103,7,
52879,64,3 chopped,
52879,85,2 sticks,
52879,28,1 finely chopped,
52879,214,4 tbsp,
52879,123,1 tbls,
52879,271,400g,
52879,218,350ml,
52879,129,600g,
52879,145,16,
52879,83,2 tbs,
52879,272,50g,
52897,135,450ml,
52897,10,400g,
52897,178,2 tsp,
52897,23,550ml,
52897,18,5,
52897,21,½ tsp,
52897,14,2 tsp,
52897,64,500g grated,
52897,273,150g,
52897,262,200g,
52897,5,150g,
52897,2,100g,
52898,274,500g,
52898,21,1 tsp,
52898,126,7g,
52898,16,300ml,
52898,2,40g,
52898,18,1,
52898,135,Dash,
52898,2,25g,
52898,275,75g,
52898,14,2 tsp,
52898,276,150g,
52898,16,2 tbs,
52898,5,2 tbs,
52905,277,142ml,
52905,5,25g,
52905,266,100g,
52905,2,25g,
52905,2,drizzle,
52905,5,50g,
52905,266,175g,
52905,43,2 tbs,
52905,51,4,
52905,177,5,
52905,43,2 tbs,
52905,118,to serve,
52910,50,320g,
52910,264,4 tbs,
52910,11,3,
52910,278,4 tbs,
52910,82,100ml,
52910,118,1 tbs,
52910,125,3,
52920,47,1 tbs,
52920,45,300g,
52920,239,4,
52920,250,500g,
52920,187,1,
52920,145,100g,
52920,83,Chopped,
52923,279,375g,
52923,18,2 large,
52923,280,175g,
52923,281,100g,
52923,94,1 tsp,
52923,2,50g,
52923,277,4 tsp,
52923,273,50g,
52934,129,1.5kg,
52934,2,25g,
52934,47,6 tblsp,
52934,151,2 sliced,
52934,131,3 Large,
52934,71,130g,
52934,282,8,
52934,55,6 cloves sliced,
52934,283,300g,
52934,123,drizzle,
52934,167,½ tsp,
52934,62,4,
52934,60,Handful,
52934,218,350ml,
52934,284,180g,
52934,147,2,
52934,145,100g,
52934,21,to serve,
52934,102,to serve,
52939,285,1  bunch,
52939,104,2 strips,
52939,55,3 cloves Chopped,
52939,53,1 medium,
52939,167,1/2 tsp,
52939,60,1 Sprig,
52939,130,1,
52939,131,1,
52939,93,4,
52939,135,Splash,
52956,129,8 oz,
52956,21,pinch,
52956,102,pinch,
52956,286,1 tsp,
52956,27,1 tsp,
52956,176,1 tbs,
52956,155,1/2 cup,
52956,36,8 cups,
52956,32,2 oz,
52966,287,6 chopped,
52966,2,150g,
52966,288,120g,
52966,267,150g,
52969,54,4,
52969,47,2 tbs,
52969,53,1 Diced,
52969,131,1 sliced,
52969,183,1 sliced,
52969,55,3 Cloves Crushed,
52969,31,1 tsp,
52969,167,1 tsp,
52969,21,3/4 teaspoon,
52969,289,1/2 teaspoon,
52969,18,4,
52976,290,250g,
52976,118,100g,
52976,51,2,
52976,291,2 tbs,
52976,118,To Glaze,
52976,114,100g,
52977,292,1 cup,
52977,53,1 large,
52977,64,1 large,
52977,123,1 tbs,
52977,31,2 tsp,
52977,167,1 tsp,
52977,112,1/2 tsp,
52977,60,1/2 tsp,
52977,182,1/4 tsp,
52977,213,1/4 tsp,
52977,87,4 cups,
52977,36,1 cup,
52977,261,Pinch,
52988,114,50g,
52988,3,2 large,
52988,293,200g,
52988,44,1 whole,
52988,281,1kg,
52988,10,140g,
52988,150,100g,
52988,280,100g,
52988,18,3 Large,
52988,240,2 tbs,
52988,2,250g,
52989,202,3,
52989,12,1 tbs,
52989,294,2 tbs,
52989,204,300g,
52989,295,500g,
52989,296,250g,
52989,43,284ml,
52989,9,Handful,
52989,266,Grated,
52990,2,200g,
52990,280,200g,
52990,10,200g,
52990,18,4 Beaten,
52990,7,50g,
52990,297,100ml,
52990,293,85g,
52990,298,85g,
52990,281,250g,
52990,299,250g,
52990,95,100g,
52990,109,Grated zest of 1,
52990,300,1 ½ tbsp,
52990,301,1 ½ tbsp,
52990,94,1/2 tsp,
52990,20,1/2 tsp,
52998,59,3 Lbs,
52998,302,10,
52998,64,5,
52998,169,1 head,
52999,285,1  bunch,
52999,303,8,
52999,169,1 Head chopped,
52999,28,8,
52999,53,Sliced,
52999,304,Sliced,
52999,218,1 cup,
52999,21,,
52999,102,,
53011,305,225g,
53011,2,25g,
53011,243,1 chopped,
53011,55,1 clove finely chopped,
53011,220,400g,
53011,47,2 tbs,
53011,145,Handful,
53011,151,1 chopped,
53011,306,100g,
53011,112,Chopped,
53011,109,Juice of 1/2,
53016,220,1,
53016,307,1/4 cup,
53016,137,1,
53016,16,1/4 cup,
53016,19,1/2 cup,
53016,118,1 tbs,
53016,167,1/2 tsp,
53016,21,1/2 tsp,
53016,182,1/4 tsp,
53016,166,1/4 tsp,
53016,308,1/4 tsp,
53016,29,1/2 tsp,
53016,47,1 cup,
53016,159,1,
53037,2,Knob,
53037,309,2,
53037,104,4,
53037,66,2,
53037,64,1,
53037,97,1/2,
53037,169,1/2,
53037,99,1,
53037,310,100ml,
53037,218,100g,
53055,158,500g,
53055,311,250g,
53055,53,1,
53055,55,4 cloves,
53055,83,3 tblsp chopped,
53055,167,1 tbs,
53055,20,3/4 teaspoon,
53055,150,2 tbs,
53055,36,3 tbs,
53055,251,1,
53055,21,1 tsp,
53055,102,1 tsp,
53056,66,600g,
53056,312,1 chopped,
53056,64,1 chopped,
53056,183,1 chopped,
53056,52,1 small,
53056,53,1 Large Chopped,
53056,313,800g,
53056,314,1 tbs,
53056,123,1 tbs,
53056,47,80 ml,
53056,60,Sprinking,
53056,214,250ml,
53056,102,Pinch,
53058,188,2 cans,
53058,135,3 tbs,
53058,54,2 cups,
53058,26,5,
53058,55,2 cloves,
53058,83,Pinch,
53058,71,1/2 kg chopped,
53063,59,2,
53063,41,2,
53063,246,1,
53063,130,1,
53063,270,100g,
53063,315,100g,
53063,104,100g,
53063,137,1,
53063,53,1,
53063,102,1,
53072,316,1 large,
53072,150,1 cup,
53072,317,50g,
53072,18,2,
53072,21,To taste,
53072,102,To taste,
53072,135,For frying,
53077,22,3 tbs,
53077,53,1 large,
53077,169,1 medium,
53077,64,1,
53077,85,1,
53077,99,1,
53077,87,8 cups,
53077,66,2 large,
53077,54,2 large,
53077,228,Garnish,
53077,189,Garnish,
52785,318,1 cup,
52785,36,2-1/2 cups,
52785,21,1 tsp,
52785,30,1/4 tsp,
52785,319,3 tbs,
52785,249,1 cup,
52785,206,1/2 tsp,
52785,320,1/2 tsp,
52785,99,2,
52785,56,1 tbs chopped,
52785,27,2 tsp shredded,
52785,321,2 tbs,
52785,131,1/2 tsp,
52785,21,1/2 tsp,
52785,23,1 tsp,
52785,211,1/4 tsp,
52899,114,100g,
52899,2,180g,
52899,280,180g,
52899,202,Zest of 1,
52899,322,3 tbs,
52899,10,225g,
52899,20,1 tsp,
52899,18,3 Large,
52899,7,100g,
52899,16,2 tbs,
52899,276,500g,
52899,298,100g,
52899,16,1 tbs,
52899,5,2 tsp,
52907,261,Handful,
52907,99,4,
52907,55,4 cloves,
52907,60,Handful,
52907,323,4,
52907,214,100ml,
52791,324,500g,
52791,43,400ml,
52791,325,3 x 7.5cm,
52791,286,1 tbsp,
52791,112,sprigs of fresh,
52888,2,250g,
52888,10,350g,
52888,109,Juice of 1/2,
52888,2,25g,
52888,299,200g,
52888,326,50g,
52888,280,100g,
52888,14,1 tsp,
52888,27,1 tsp,
52888,72,1 tsp,
52888,109,Zest of 1,
52888,18,1 beaten,
52888,23,spinkling,
52895,89,2,
52895,104,3,
52895,45,2,
52895,54,2,
52895,327,1 Slice,
52895,18,2,
52895,41,1 Slice,
52944,328,2 Pounds,
52944,135,1/2 cup,
52944,55,1 clove peeled crushed,
52944,27,1/2 tsp,
52944,60,2 sprigs,
52944,99,1,
52944,131,0.5,
52944,329,0.5,
52944,53,1 sliced,
52944,64,1 chopped,
52944,23,1 tbs,
52944,72,1/2 tsp,
52944,175,1 tsp,
52944,330,1,
52944,132,1,
52944,331,3/4 cup,
52944,102,pinch,
52955,218,3 cups,
52955,21,1/4 tsp,
52955,23,1/4 tsp,
52955,102,pinch,
52955,136,1 tsp,
52955,332,1/3 cup,
52955,45,1/3 cup,
52955,134,1 tbs,
52955,36,2 tbs,
52955,176,1/4 cup,
53031,67,1lb,
53031,53,1,
53031,187,1,
53031,54,2,
53031,28,4,
53031,123,1 tbs,
53031,155,2 cups,
53031,139,1/4 cup,
53031,2,1/4 cup,
53031,47,2 cups,
53031,333,1,
53031,31,1 tbs,
53031,164,3 tbs,
53031,21,To taste,
53031,102,To taste,
53073,316,1 lb,
53073,23,2 tbs,
53073,21,1 tsp,
53073,102,1 tsp,
53073,55,1 whole,
53073,47,3 tbs,
53073,334,4 oz,
53073,335,3 tbs,
53073,133,2 tbs,
53073,99,2,
52802,336,900g,
52802,47,2 tbsp,
52802,337,600ml,
52802,338,800g,
52802,10,1 tbsp,
52802,44,Grating,
52802,43,3 tbsp,
52802,339,200g,
52802,86,1 finely sliced,
52802,340,200g peeled raw,
52802,83,Large handful,
52802,189,Handful,
52802,109,Grated zest of 1,
52802,341,25g grated,
52802,109,Juice of 1,
52815,47,3 tablespoons,
52815,53,1,
52815,55,2 cloves,
52815,64,1,
52815,342,2 1/4 cups,
52815,60,1 teaspoon,
52815,99,3,
52815,21,1 tablespoon,
52815,85,2 sticks,
52835,343,227g,
52835,2,25g,
52835,106,1 tsp,
52835,197,100g,
52835,44,Grated,
52835,344,250g,
52835,83,Chopped,
52896,89,4,
52896,104,4,
52896,45,4,
52896,54,3,
52896,327,2 sliced,
52896,18,2,
52896,41,1 Slice,
52896,345,100g,
52903,2,50g,
52903,47,1 tbs,
52903,53,1 kg,
52903,23,1 tsp,
52903,28,4 sliced,
52903,10,2 tbs,
52903,284,250ml,
52903,63,1L,
52903,41,4 sliced,
52903,341,140g,
52906,2,75g,
52906,86,1kg,
52906,21,½ tsp,
52906,82,300ml,
52906,137,1,
52906,51,3,
52906,44,¼ teaspoon,
52906,10,225g,
52906,21,½ tsp,
52906,2,60g,
52906,346,60g,
52906,221,50g,
52906,36,2 tbs,
52915,18,3,
52915,2,2 knobs,
52915,347,1 tsp,
52915,348,3 chopped,
52915,83,1 tbs chopped,
52915,349,1 tbs chopped,
52915,341,4 tbs,
52918,340,6 large,
52918,47,3 tbs,
52918,284,150ml,
52918,350,200ml,
52918,33,1 small finely diced,
52918,53,1 small finely diced,
52918,55,3 cloves Chopped,
52918,66,1 large,
52918,202,1,
52918,179,1,
52918,99,1,
52918,255,1 1/2 tsp,
52918,123,2 tbs,
52918,249,400g,
52918,351,Handful,
52918,223,200g,
52918,60,2,
52918,41,to serve,
52919,66,225g,
52919,33,1 small,
52919,55,1 clove finely chopped,
52919,16,75 ml,
52919,43,100ml,
52919,2,For Greasing,
52919,197,to serve,
52957,262,1 1/4 oz,
52957,23,1 1/4 cup,
52957,94,1 teaspoon,
52957,19,,
52957,50,2,
52957,324,,
52957,96,,
52957,13,,
52996,194,2,
52996,64,12 ounces,
52996,66,5,
52996,53,1,
52996,63,1,
52996,315,1 1/2 cup,
52996,228,2 tbsp,
52996,2,,
52996,23,,
52996,135,,
52996,21,,
52996,102,,
53025,352,2 cups,
53025,83,1/3 cup,
53025,47,Dash,
53025,147,3,
53025,28,4,
53025,31,Sprinking,
53030,19,4 cups,
53030,36,1 1/2 cups,
53030,21,1/4 tsp,
53030,22,1 cup,
53030,47,1/4 cup,
53043,353,600g,
53043,66,300g,
53043,56,1 chopped,
53043,32,3 tbs,
53043,206,1 tsp,
53043,102,1/2 tsp,
53043,55,3 cloves,
53043,27,2 pieces,
53043,19,2 tbs,
53043,18,3,
53043,150,75g,
53043,135,For frying,
53061,354,500g,
53061,135,Dash,
53061,19,To Glaze,
53061,21,Dash,
53064,344,1 lb,
53064,215,1/2 cup,
53064,2,1/2 cup,
53064,347,1/2 cup,
53064,83,2 tbsp,
53064,182,,
53079,47,2 tbs,
53079,53,1 sliced,
53079,64,2 medium,
53079,350,3 cups,
53079,36,3 cups,
53079,66,4 large,
53079,99,3,
53079,355,1,
53079,144,1,
52764,356,500g,
52764,47,3 tablespoons,
52764,357,1,
52764,358,pinch,
52764,214,250ml,
52764,249,1 (400g) tin,
52764,140,1/2 teaspoon,
52764,359,1 (200g) pack,
52829,217,8 ounces (230 grams),
52829,10,1/3 cup,
52829,253,3/4 teaspoon,
52829,166,1/2 teaspoon,
52829,360,1/2 teaspoon,
52829,182,1/2 teaspoon,
52829,29,1/8 teaspoon,
52829,2,6 tablespoons (85 grams),
52829,252,1 1/2 cups (360 milliliters),
52829,215,1 cup (240 milliliters),
52829,361,1 pound (455 grams),
52829,2,4 tablespoons (55 grams),
52829,166,1 teaspoon,
52829,41,16 slices square,
52829,221,8 slices mild,
52829,362,8 slices,
52829,2,4 tablespoons (55 grams),
52951,220,1 1/2,
52951,10,3/4 cup,
52951,137,1,
52951,138,2 tbs,
52951,20,1 tbs,
52951,21,1 tsp,
52951,165,1/2 tsp,
52951,166,1/4 tsp,
52951,36,3/4 cup,
52951,218,1/2 cup,
52951,363,1/4 cup,
52951,133,3 tbs,
52951,199,2 tbs,
52951,335,1 tbs,
52951,136,2 tbs,
52951,364,1/2 tbs,
52951,138,2 tbs,
52951,55,1 clove,
52951,176,2 chopped,
52951,27,1 tsp,
53012,91,400g,
53012,47,3 tbs,
53012,53,1 chopped,
53012,28,2 chopped,
53012,123,2 tbs,
53012,54,800g,
53012,23,1 tbs,
53012,365,1 tbs,
53012,14,Pinch,
53012,366,2 tbs,
53021,169,1,
53021,2,2 tbs,
53021,53,1 chopped,
53021,157,1 lb,
53021,334,1/2 lb,
53021,155,1 1/2 cups,
53021,55,1 tsp,
53021,21,1 tsp,
53021,182,1/4 tsp,
53021,123,3 cans,
53041,354,8,
53041,47,2 tbs,
53041,55,3 cloves,
53041,167,1 tbs,
53041,109,1/2,
53041,61,4 sprigs,
53041,243,1,
53074,316,6,
53074,35,1 can,
53074,110,1 tbs,
53074,21,1 tsp,
53074,213,To taste,
53074,70,4 Sticks,
52773,144,1 lb,
52773,47,1 tablespoon,
52773,133,2 tablespoons,
52773,237,2 tablespoons,
52773,317,4 tablespoons,
52787,367,2 cups,
52787,215,2 tbs,
52787,368,1 – 14-ounce can,
52787,94,1 tsp,
52787,369,1-⅓ cups,
52787,370,1-½ cups,
52954,45,1/3 cup,
52954,371,1/3 cup,
52954,372,2/3 Cup,
52954,152,1/2 cup,
52954,218,2-1/2 cups,
52954,21,1/2 tsp,
52954,23,1/4 tsp,
52954,136,1 tsp,
52954,102,1/4 tsp,
52954,154,1/2 tsp,
52954,373,1-½ cups,
52954,133,1 tsp,
52954,134,1 tbs,
52954,36,2 tbs,
52954,176,1/4 cup,
52967,113,750g,
52967,23,6 tablespoons,
52967,18,2,
52967,16,1 cup,
52993,66,5,
52993,68,1,
52993,55,2 cloves,
52993,220,2,
52993,77,,
52993,199,,
52993,218,,
52993,2,1 tbsp,
52993,135,1 tbsp,
52993,47,1 tbsp,
53007,1,100g,
53007,114,85g,
53007,2,85g,
53007,374,250ml,
53007,296,750g,
53007,18,2,
53007,109,Zest of 1,
53007,202,Zest of 1,
53007,199,250ml,
53007,375,To serve,
53035,336,800g,
53035,2,50g,
53035,28,3 chopped,
53035,169,1 chopped,
53035,176,8,
53035,43,100ml,
53035,65,2 tbs,
53035,270,180g,
53035,18,4,
52781,376,300g soaked overnight in water,
52781,377,2kg cut into 3cm cubes,
52781,47,120ml,
52781,103,24 Skinned,
52781,64,4 large,
52781,378,2,
52781,124,1,
52781,379,350g,
52781,214,150ml,
52781,5,1 tsp,
52781,380,4 sprigs,
52781,75,4 sprigs,
52781,218,450ml,
52890,2,50g,
52890,113,250g,
52890,260,1 small,
52890,100,50g,
52890,16,150ml,
52890,39,100g,
52890,295,to serve,
52937,25,12,
52937,132,1/2,
52937,176,1  bunch,
52937,27,1 tbs chopped,
52937,55,3 cloves,
52937,53,1/2,
52937,243,3 chopped,
52937,60,1/2 teaspoon,
52937,132,Juice of 1,
52937,133,2 tbs,
52937,135,2 tbs,
52937,275,3 tbs,
52937,72,1 tbs,
52937,283,200g,
52937,35,400g,
52937,176,1  bunch,
52937,60,2 sprigs,
52937,55,2 cloves chopped,
52937,72,1 tbs,
52937,381,800g,
52938,10,4 cups,
52938,21,1 tsp,
52938,382,1 tsp,
52938,2,250g,
52938,36,1 cup,
52938,158,900g,
52938,72,1 tsp,
52938,182,1/2 tsp,
52938,135,2 tbs,
52938,70,1 cup,
52938,131,Ground,
52938,55,2 tsp ground,
52938,60,1 tbs,
52938,21,1/4 tsp,
52938,79,2 tbs,
52938,36,2 cups,
52938,70,1/2 cup,
52938,137,1 beaten,
52938,36,1 tbs,
52938,36,1/4 cup,
53033,383,300g,
53033,384,1 tbs,
53033,307,Garnish,
53033,176,Garnish,
53034,135,1 tbs,
53034,53,1 large,
53034,152,1 chopped,
53034,87,150ml,
53034,133,1 tbs,
53034,384,1 tsp,
53034,23,1 tsp,
53034,18,2 Beaten,
53034,383,200g,
53034,349,Chopped,
52769,385,250 Grams,
52769,386,500 Grams,
52769,314,Topping,
52769,154,Topping,
52769,246,1 Bulb,
52769,130,1,
52769,156,3rd,
52769,387,100 Grams,
52813,129,1 whole,
52813,17,2 quarts neutral frying,
52813,177,1,
52813,19,1 1/2 cups,
52813,275,1 tablespoon,
52813,21,1 tablespoon,
52813,167,1 tablespoon,
52813,165,2 teaspoons,
52813,289,1 teaspoon,
52813,182,1 teaspoon,
52813,308,1/2 teaspoon,
52813,388,1/2 teaspoon,
52813,166,1/2 teaspoon,
52813,72,1/2 teaspoon,
52813,75,1/2 teaspoon,
52813,171,1/2 teaspoon,
52813,172,1/2 teaspoon,
52820,220,4 pounded to 1cm thickness,
52820,10,2 tablespoons,
52820,137,1 beaten,
52820,150,100g fine,
52820,135,230ml frying,
52820,69,2 tablespoons,
52820,70,2 sliced,
52820,55,5 chopped cloves,
52820,389,2 sliced,
52820,10,2 tablespoons,
52820,382,4 teaspoons,
52820,218,600ml,
52820,199,2 teaspoons,
52820,133,4 teaspoons,
52820,99,1,
52820,211,1 teaspoon,
52859,1,300g,
52859,2,150g,
52859,368,400g,
52859,51,3,
52859,132,4,
52859,43,300ml,
52859,118,1 tbls,
52859,132,to serve,
52868,135,1 tbls,
52868,53,1 finely chopped,
52868,55,2 cloves chopped,
52868,27,1 part,
52868,32,1 Packet,
52868,31,1 tsp,
52868,167,1 tsp,
52868,211,2 tsp,
52868,249,400g,
52868,381,400g,
52868,283,to serve,
52887,390,300g,
52887,62,2,
52887,16,300ml,
52887,18,4,
52887,83,Handful,
52887,32,Handful,
52887,135,2 tbs,
52887,53,1 chopped,
52887,32,1 tsp,
52887,382,2 tsp,
52887,155,300g,
52945,237,2 tbs,
52945,133,2 tbs,
52945,136,2 tbs,
52945,106,2 tbs,
52945,36,2 tbs,
52945,129,500g,
52945,184,1 tbs,
52945,335,1 tsp,
52945,275,1 tbs,
52945,176,4 Chopped,
52945,28,6 cloves,
52945,391,220g,
52945,392,100g,
52946,340,400g,
52946,133,2 tbs,
52946,123,1 tsp,
52946,106,1 tsp,
52946,5,1 tsp,
52946,69,1 tsp,
52946,392,85g,
52946,393,3 Large,
52946,275,1 tbs,
52946,28,6 cloves,
52946,391,450g,
52946,27,to taste,
52971,66,5 Large,
52971,47,2 tbs,
52971,183,1,
52971,70,5,
52971,394,1 tbs,
52971,395,500g,
52971,18,24 Skinned,
52971,21,Pinch,
52971,102,Pinch,
52974,47,4 tbs,
52974,396,750g,
52974,397,1 1/2 tsp,
52974,53,1 Large Chopped,
52974,36,25 ml,
52974,83,30g,
52974,2,1 tbs,
52974,109,1,
52978,66,2 large,
52978,2,2 tbs,
52978,161,150g,
52978,53,1 large,
52978,131,1 large,
52978,398,Pinch,
53015,126,1/4 ounce,
53015,36,1/4 cup,
53015,36,1 1/2 cups,
53015,23,1/2 cup,
53015,21,1 tsp,
53015,18,2,
53015,399,1/3 cup,
53015,19,5 drops,
53015,400,Sprinking,
53015,16,1/2 cup,
53015,23,2 cups,
53015,260,1 1/2 cups,
53015,401,6 tablespoons,
53015,2,1/3 cup,
53027,402,1 1/2 cups,
53027,155,1 1/2 cups,
53027,32,1/2 tsp,
53027,217,2 cups,
53027,257,Can,
53027,53,1 large,
53027,21,Sprinking,
53027,135,1/2 cup,
52782,47,2 tbsp,
52782,27,4cm piece finely chopped,
52782,55,2 cloves peeled and chopped,
52782,54,800g peeled and chopped,
52782,110,2 tbsp,
52782,5,1 tsp,
52782,403,50,
52782,404,1 large,
52782,405,400g,
52782,53,1 medium,
52782,66,1 small peeled and coarsely grated,
52782,283,2 tbsp,
52782,366,2 tbsp,
52782,32,2 tbsp chopped,
52782,110,1 tbsp,
52782,55,2 cloves,
52782,406,½ tsp ground,
52782,14,½ tsp ground,
52782,54,2 medium,
52805,290,12,
52805,407,½ tbsp,
52805,206,½ tbsp,
52805,70,3 sliced thinly,
52805,408,2 tsp,
52805,55,4 whole,
52805,112,Leaves,
52805,321,Leaves,
52805,397,½ tsp dissolved in ½ cup warm milk,
52805,319,2 tbsp,
52805,283,2 Cups,
52805,409,½ cup,
52805,206,1 tbsp,
52805,99,½,
52805,14,1 thin piece,
52805,73,3,
52805,125,2,
52805,396,1 lb,
52805,57,1 tsp,
52805,410,1 tbsp,
52808,53,2 quartered,
52808,69,4 tbsp,
52808,55,4 cloves,
52808,27,Thumb sized peeled and very finely grated,
52808,411,2 tbsp,
52808,167,2 tsp,
52808,74,1,
52808,125,6 bashed to break shells,
52808,73,4,
52808,99,2,
52808,412,1 tbsp,
52808,396,1kg cubed,
52808,374,150ml,
52808,32,Garnish chopped,
52821,47,1 tbsp,
52821,243,1 finely sliced,
52821,413,2 ½ tbsp,
52821,251,1,
52821,35,400ml can,
52821,414,2 tsp,
52821,415,100g,
52821,132,"2 juice of 1, the other halved",
52821,244,150g,
52821,32,½ small pack,
52843,47,2 tblsp,
52843,53,1 finely sliced,
52843,64,2 chopped,
52843,416,500g,
52843,55,2 cloves minced,
52843,31,½ tsp,
52843,27,½ tsp,
52843,397,¼ tsp,
52843,14,1 tsp,
52843,199,1 tblsp,
52843,116,100g,
52843,251,1,
52843,417,1 medium chopped,
52843,258,Steamed,
52843,83,Chopped,
52844,47,1 tblsp,
52844,104,2,
52844,53,1 finely chopped,
52844,85,1 Stick,
52844,64,1 medium,
52844,55,2 cloves chopped,
52844,158,500g,
52844,123,1 tbls,
52844,249,800g,
52844,199,1 tblsp,
52844,418,500g,
52844,82,400ml,
52844,419,125g,
52844,197,50g,
52844,245,Topping,
52877,313,500g,
52877,19,1 tbls,
52877,135,Dash,
52877,53,1 sliced,
52877,64,2 sliced,
52877,87,350ml/12fl,
52877,66,500g,
52877,279,450g,
52877,18,To Glaze,
52884,2,100g,
52884,396,900g,
52884,420,3,
52884,70,2 medium,
52884,64,4 sliced,
52884,10,25g,
52884,175,2 tsp,
52884,218,500ml,
52884,62,2,
52884,66,900g,
52973,47,2 tbs,
52973,53,1 medium finely diced,
52973,257,250g,
52973,87,1.5L,
52973,31,1 tsp,
52973,55,5 cloves,
52973,21,1/2 tsp,
52973,255,1 tsp,
52973,102,Pinch,
52973,132,1/2,
52987,228,1/4 cup,
52987,357,2 tbs,
52987,365,1/2 tbs,
52987,21,1/4 tsp,
52987,41,8 slices,
52987,104,8 slices,
52987,130,8 slices,
52987,315,4 slices,
52987,2,2 1/2 Tbs,
53009,55,2 cloves,
53009,261,2 tsp,
53009,47,4 tbs,
53009,109,Zest and juice of 1,
53009,189,1 tbs,
53009,416,750g,
53009,333,To serve,
53010,421,25g,
53010,405,500g,
53010,31,1 tsp,
53010,32,1 tsp,
53010,167,1 tsp,
53010,55,1 clove finely chopped,
53010,47,For frying,
53010,422,4,
53010,156,Grated,
53010,374,200g,
53010,112,2 tbs,
53083,396,50g,
53083,423,120g,
53083,110,1 tbs,
53083,2,2 tbs,
53083,53,1 chopped,
53083,396,450g,
53083,55,2 cloves,
53083,87,600ml,
53083,155,2 cups,
53083,397,Pinch,
53083,83,Garnish,
52777,419,200 g,
52777,424,250 g,
52777,425,1  bunch,
52777,426,350 g,
52777,427,3  tablespoons,
52777,428,40 g,
52777,429,200 g,
52777,21,to taste,
52777,102,to taste,
52827,392,85g,
52827,180,400ml can,
52827,430,4 tbsp,
52827,67,600g stewing cut into strips,
52827,66,450g waxy,
52827,53,1 cut thin wedges,
52827,132,4 leaves,
52827,74,1,
52827,34,1 tbsp,
52827,275,1 tbsp palm or soft light,
52827,414,1 tbsp,
52827,393,"1 red deseeded and finely sliced, to serve",
52827,431,to serve,
52864,45,30g,
52864,432,240g,
52864,26,3,
52864,55,3 cloves,
52864,61,3 sprigs,
52864,433,500g,
52864,133,2 tblsp,
52864,214,125ml,
52864,418,350g,
52864,150,4 tbsp,
52864,388,1/2 handful,
52864,434,to serve,
52865,69,1 tbls,
52865,435,225g,
52865,27,2,
52865,31,1 tsp,
52865,30,1 tsp,
52865,32,1 tsp,
52865,56,1,
52865,130,4 large,
52865,332,150g,
52865,211,1 tsp,
52865,32,Small bunch,
52865,436,to serve,
52876,135,2 tbs,
52876,158,500g,
52876,53,1 chopped,
52876,123,1 tbls,
52876,10,1 ½ tbsp,
52876,45,75g,
52876,63,250ml,
52876,175,Dash,
52876,279,400g,
52876,51,1,
52880,31,2 tsp,
52880,84,1 tbs,
52880,151,2 finely chopped,
52880,28,6,
52880,56,3 finely chopped,
52880,131,1 finely chopped,
52880,44,1 tsp,
52880,32,2 tsp,
52880,405,1kg,
52880,102,1 tsp,
52880,32,3 tbs,
52880,10,340g,
52880,21,½ tsp,
52880,16,90 ml,
52880,346,150g,
52880,51,Beaten,
52900,2,175g,
52900,5,175g,
52900,18,3,
52900,113,250g,
52900,16,3 tbs,
52900,109,Zest of 1,
52900,326,To Glaze,
52927,59,1,
52927,21,3 tbs,
52927,182,3 tbs,
52927,32,1 tbs,
52927,23,1 tbs,
52927,99,1 tsp,
52927,73,1 tsp,
52927,182,3 tbs,
52927,32,1 tbs,
52927,167,1 tbs,
52927,55,1 tbs,
52927,53,1 tbs,
52927,189,1 tbs,
52927,46,1 tsp,
52927,308,1 tbs,
52927,213,1 tsp,
52947,372,450g,
52947,158,100g,
52947,136,1/2 tbs,
52947,437,1 1/2 tsp,
52947,438,1/2 tsp,
52947,102,1 tbs,
52947,21,1/2 tsp,
52947,439,1/2 tsp,
52947,133,1 tbs,
52947,36,400ml,
52947,47,2 tbs,
52947,440,2 chopped,
52947,176,4,
52947,55,2 cloves chopped,
52947,27,4 sliced,
52947,36,2 1/2 tbs,
52947,134,1 tbs,
52968,441,1 kg,
52968,106,1 kg,
52968,54,2,
52968,21,Pinch,
52968,53,1,
52968,56,1,
52968,58,1  bunch,
52991,2,225g,
52991,10,350g,
52991,5,100g,
52991,442,280g,
52991,137,1 small,
52991,118,Topping,
53006,67,500g,
53006,52,1 large,
53006,374,150g,
53006,137,1 beaten,
53006,347,3 tbs,
53006,130,400g,
53006,123,4 tbs,
53006,66,350g,
53029,443,800g,
53029,53,1 chopped,
53029,67,300g,
53029,21,1 tsp,
53029,36,1 Litre,
53029,28,1,
53029,47,1/2 cup,
53038,66,1kg,
53038,16,200ml,
53038,2,50g,
53038,65,2 tbs,
53038,176,Bunch,
53038,176,Bunch,
53047,64,6 chopped,
53047,53,1 sliced,
53047,28,4,
53047,31,1 tsp,
53047,32,1/2 tsp,
53047,47,1 tbs,
53047,211,1/4 tsp,
53047,110,1 tsp,
53048,392,50g,
53048,393,15g,
53048,340,10g,
53048,17,5 tbs,
53048,36,750 ml,
53048,34,1/2 tbs,
53048,66,250g,
53048,151,2,
53048,28,4,
53048,169,30g,
53048,444,30g,
53048,372,1,
53048,133,1 tbs,
53048,139,4,
53048,137,1,
53059,45,150g,
53059,190,50g,
53059,135,4 tbs,
53059,53,40g,
53059,55,2 cloves,
53059,99,1,
53059,251,1tbsp,
53059,228,50 ml,
53059,164,Dash,
53059,83,Top,
53086,41,1 large,
53086,47,1 1/2 L,
53086,55,Half,
53086,152,1 Handfull,
52851,243,1 large,
52851,27,0.5,
52851,55,1 large,
52851,32,Bunch,
52851,69,1 tbsp,
52851,194,4,
52851,24,5 tblsp,
52851,218,150ml,
52851,374,200g,
52858,2,85g,
52858,228,140g,
52858,23,1tbsp,
52858,262,900g,
52858,5,250g,
52858,10,3 tbs,
52858,110,1 ½ teaspoons,
52858,18,3 Large,
52858,228,250ml,
52858,228,150ml,
52858,5,1 tbsp,
52858,110,2 tsp,
52924,295,125g,
52924,5,50g,
52924,268,5 tbs,
52924,137,1 beaten,
52924,1,200g shredded,
52924,445,100g,
52924,114,50g,
52924,2,100g,
52924,43,4 tbs,
52924,446,3 tbs,
52924,118,250g,
52924,266,150g,
52924,2,50g,
53051,35,2 cups,
53051,36,2 cups,
53051,205,1/4 tsp,
53051,27,1,
53051,99,1,
53051,155,2 cups,
53051,18,4,
53051,156,1,
53051,392,1 cup,
53051,447,4 oz,
53051,135,2 tbs,
53051,53,1,
53051,55,3 cloves,
53051,103,3,
53051,184,2 tsp,
53051,447,4 oz,
53051,23,3 tbs,
53051,34,1/3 cup,
52810,448,4 meaty shanks,
52810,19,½ cup,
52810,47,2 tablespoons,
52810,2,3 tablespoons,
52810,53,1 medium chopped into ½-inch pieces,
52810,64,1 chopped into ½-inch pieces,
52810,85,1 chopped into ½-inch pieces,
52810,33,1 bulb chopped into ½-inch pieces,
52810,55,3 cloves,
52810,449,2 strips,
52810,172,1 ½ teaspoons,
52810,99,1,
52810,284,1 cup,
52810,218,½ cup,
52810,54,1 cup chopped with juice,
52810,83,2 tablespoons chopped,
52810,55,1 teaspoon minced,
52810,450,1 teaspoon grated,
52943,451,450g,
52943,53,1 chopped,
52943,176,1,
52943,55,2 cloves minced,
52943,27,1 tsp,
52943,330,1 chopped,
52943,133,2 tbs,
52943,380,1 chopped,
52943,135,2 tbs,
52943,36,350ml,
52943,352,200g,
52943,106,1 tbs,
52943,36,2 tbs,
52774,452,6oz/180g,
52774,453,2 tbsp,
52774,142,2 tbsp,
52774,133,2 tsp,
52774,198,2 tsp,
52774,23,2 tsp,
52774,36,2 tbsp,
52774,454,2 tbsp,
52774,55,2 cloves,
52774,129,1 cup,
52774,137,1,
52774,444,4 cups,
52780,66,800g,
52780,70,3,
52780,47,2 tblsp,
52780,218,100ml,
52780,82,1 pot,
52780,347,Topping,
52780,194,4,
52780,104,4,
52780,455,Topping,
52780,332,Topping,
52804,135,Dash,
52804,456,1 Can,
52804,66,5 thin cut,
52804,457,2 cups,
52837,458,300g,
52837,47,1 tbls,
52837,53,1 finely chopped,
52837,55,2 cloves minced,
52837,243,1,
52837,123,1 tbls,
52837,459,425g,
52837,145,70g,
52837,347,Shaved,
52847,119,4 tbsp,
52847,152,350g,
52847,53,1 large,
52847,55,10,
52847,64,1 thinly sliced,
52847,460,1 tsp,
52847,269,2 tblsp,
52847,87,600ml,
52847,123,1 tblsp,
52847,61,2 sticks,
52847,83,Handful,
52847,461,400g,
52847,150,2 tblsp,
52847,17,drizzle,
52847,41,to serve,
52847,68,to serve,
52854,19,100g,
52854,18,2 large,
52854,16,300ml,
52854,69,1 tbls,
52854,23,to serve,
52854,96,to serve,
52854,462,to serve,
52857,395,750g,
52857,279,350g,
52857,10,Dusting,
52857,5,140g,
52857,21,½ tsp,
52857,44,½ tsp,
52857,14,1 tsp,
52857,18,2 Beaten,
52857,2,25g,
52857,16,175g,
52857,118,1 tblsp,
52861,2,50g,
52861,463,175g,
52861,464,5,
52861,146,500g,
52861,24,175g,
52861,201,175g,
52861,16,150ml,
52861,43,275ml,
52861,263,2 tblsp,
52861,465,Crushed,
52862,106,1 tsp,
52862,202,Juice of 2,
52862,202,Zest of 1,
52862,5,2 tbs,
52862,466,6,
52862,462,250g,
52862,113,200g,
52862,2,50g,
52862,280,100g,
52862,14,1 tsp,
52862,16,6 tblsp,
52902,2,200g,
52902,137,1 large,
52902,16,4 tbs,
52902,201,200g,
52902,92,85g,
52902,275,85g,
52902,467,100g,
52902,113,250g,
52902,468,1 tbs,
